Location,Household Type,TimeFrame,Median Income
10001,Families with Children,2017,119270.1939
10001,Families,2017,107739.4903
10001,Families without Children,2017,101074.0845
10001,All Households,2017,88880.07341
10002,Families without Children,2017,41001.99723
10002,Families,2017,40825.741
10002,Families with Children,2017,40248.99723
10002,All Households,2017,36971.04848
10003,All Households,2017,108925.3089
10003,Families without Children,2017,163035.9723
10003,Families with Children,2017,240175.7119
10003,Families,2017,191542.5499
10004,Families,2017,240599.144
10004,Families with Children,2017,232314.0582
10004,Families without Children,2017,241158.1579
10004,All Households,2017,146480.4017
10005,Families without Children,2017,183817.5208
10005,All Households,2017,160834.3338
10005,Families with Children,2017,260735.115
10005,Families,2017,227720.9668
10006,Families without Children,2017,194182.2216
10006,Families,2017,195159.4529
10006,Families with Children,2017,230532.723
10006,All Households,2017,152157.1039
10007,Families with Children,2017,260735.115
10007,Families,2017,260735.115
10007,Families without Children,2017,260735.115
10007,All Households,2017,253062.2327
10009,Families with Children,2017,66744.79363
10009,Families,2017,65601.73546
10009,Families without Children,2017,64758
10009,All Households,2017,63119.54709
10010,Families with Children,2017,257213.1191
10010,Families without Children,2017,157828.5914
10010,Families,2017,169425
10010,All Households,2017,120025.2798
10011,All Households,2017,128498.0942
10011,Families without Children,2017,188362.6371
10011,Families,2017,204901.5208
10011,Families with Children,2017,234399.9307
10012,Families with Children,2017,199238.3767
10012,Families,2017,157413.5028
10012,Families without Children,2017,146364.6357
10012,All Households,2017,109050.4612
10013,All Households,2017,110609.651
10013,Families,2017,134278.0471
10013,Families without Children,2017,114897.162
10013,Families with Children,2017,223579.4668
10014,Families with Children,2017,237454.6911
10014,Families,2017,204850.4169
10014,All Households,2017,133467.6856
10014,Families without Children,2017,178543.392
10016,Families with Children,2017,183824.8213
10016,Families without Children,2017,165987.482
10016,Families,2017,174083.7964
10016,All Households,2017,113940.7895
10017,Families,2017,220115.8753
10017,Families without Children,2017,219911.4598
10017,Families with Children,2017,260735.115
10017,All Households,2017,123555.6191
10018,Families without Children,2017,124957.3255
10018,All Households,2017,112492.151
10018,Families with Children,2017,167622.8061
10018,Families,2017,142100.0693
10019,All Households,2017,103316.3975
10019,Families without Children,2017,154180.4003
10019,Families with Children,2017,167780.2895
10019,Families,2017,160677.8934
10021,All Households,2017,129159.3158
10021,Families with Children,2017,260735.115
10021,Families,2017,251010.777
10021,Families without Children,2017,238524.7438
10022,Families without Children,2017,220268.144
10022,Families,2017,258864.0873
10022,Families with Children,2017,260735.115
10022,All Households,2017,138927.4571
10023,All Households,2017,129272.9958
10023,Families with Children,2017,260735.115
10023,Families,2017,221255.8047
10023,Families without Children,2017,197280.7853
10024,Families,2017,216986.0235
10024,Families with Children,2017,260735.115
10024,All Households,2017,131521.5665
10024,Families without Children,2017,181007.8504
10025,Families with Children,2017,189789.374
10025,Families,2017,143620.6704
10025,Families without Children,2017,120724.0471
10025,All Households,2017,85887.8892
10026,Families without Children,2017,68826.49446
10026,Families with Children,2017,57796.40028
10026,All Households,2017,56682.54432
10026,Families,2017,62662.741
10027,Families without Children,2017,54231.64404
10027,Families,2017,53927.10665
10027,Families with Children,2017,53225.21053
10027,All Households,2017,47491.14681
10028,Families without Children,2017,199244.6343
10028,Families,2017,221812.7327
10028,Families with Children,2017,260735.115
10028,All Households,2017,124321.1343
10029,Families without Children,2017,47229.36981
10029,All Households,2017,35475.47784
10029,Families,2017,41000.95429
10029,Families with Children,2017,33640.95291
10030,Families with Children,2017,41497.39197
10030,All Households,2017,37668.77285
10030,Families,2017,45628.4626
10030,Families without Children,2017,56306.04432
10031,Families without Children,2017,52988.46399
10031,All Households,2017,45930.91413
10031,Families,2017,48001.14266
10031,Families with Children,2017,40138.44598
10032,Families with Children,2017,37411.16759
10032,Families,2017,48814.63296
10032,All Households,2017,43688.60111
10032,Families without Children,2017,58263.63573
10033,Families with Children,2017,61011.77285
10033,Families,2017,58965.53186
10033,Families without Children,2017,58559.82964
10033,All Households,2017,55321.51247
10034,All Households,2017,53094.84349
10034,Families,2017,53918.76316
10034,Families with Children,2017,48180.5277
10034,Families without Children,2017,62335.259
10035,Families,2017,35710.1385
10035,Families without Children,2017,39280.10942
10035,Families with Children,2017,32036.9169
10035,All Households,2017,29131.2964
10036,Families,2017,151225.7618
10036,Families without Children,2017,160420.2881
10036,All Households,2017,97730.43075
10036,Families with Children,2017,101034.4529
10037,Families without Children,2017,47816.54294
10037,Families with Children,2017,28932.09557
10037,All Households,2017,41695.54986
10037,Families,2017,38784.71468
10038,Families without Children,2017,83826.00416
10038,All Households,2017,88682.95845
10038,Families,2017,94299.17036
10038,Families with Children,2017,120766.8075
10039,Families without Children,2017,55425.80609
10039,All Households,2017,35665.29224
10039,Families,2017,40824.69806
10039,Families with Children,2017,32141.21053
10040,Families with Children,2017,44560.49584
10040,All Households,2017,49215.1205
10040,Families,2017,51711.90997
10040,Families without Children,2017,56287.27147
10044,Families,2017,131544.5111
10044,Families with Children,2017,174039.9931
10044,All Households,2017,96599.88781
10044,Families without Children,2017,109803.4612
10065,All Households,2017,129659.9252
10065,Families with Children,2017,239875.3463
10065,Families,2017,218161.4127
10065,Families without Children,2017,214266.0457
10069,Families,2017,190650.8393
10069,Families with Children,2017,260735.115
10069,Families without Children,2017,150501.964
10069,All Households,2017,142991.7798
10075,Families,2017,179178.5402
10075,All Households,2017,135158.2853
10075,Families with Children,2017,148317.0125
10075,Families without Children,2017,249157.4792
10128,Families,2017,195303.3781
10128,Families with Children,2017,222706.5291
10128,Families without Children,2017,179632.2175
10128,All Households,2017,116743.1593
10280,All Households,2017,168349.7327
10280,Families without Children,2017,197740.7202
10280,Families with Children,2017,218396.0734
10280,Families,2017,214943.9543
10282,Families with Children,2017,260735.115
10282,Families without Children,2017,260735.115
10282,Families,2017,260735.115
10282,All Households,2017,260735.115
10301,All Households,2017,58214.61773
10301,Families with Children,2017,54489.24931
10301,Families without Children,2017,88545.29086
10301,Families,2017,74895.34072
10302,Families,2017,75632.69668
10302,Families with Children,2017,63710.89197
10302,All Households,2017,63585.73961
10302,Families without Children,2017,91130.72992
10303,Families with Children,2017,65114.68421
10303,All Households,2017,62469.79778
10303,Families,2017,67367.42659
10303,Families without Children,2017,71862.48199
10304,Families,2017,72985.72438
10304,Families without Children,2017,83677.9072
10304,Families with Children,2017,60792.75623
10304,All Households,2017,56909.90443
10305,Families,2017,90491.40997
10305,Families with Children,2017,88385.72161
10305,All Households,2017,79309.04709
10305,Families without Children,2017,94264.75346
10306,Families without Children,2017,100483.7825
10306,Families,2017,102434.0734
10306,Families with Children,2017,107569.4917
10306,All Households,2017,83460.97645
10307,All Households,2017,84849.12465
10307,Families without Children,2017,107070.9681
10307,Families,2017,109736.7133
10307,Families with Children,2017,114722.9917
10308,All Households,2017,95901.1205
10308,Families,2017,106612.0762
10308,Families without Children,2017,105843.4321
10308,Families with Children,2017,107329.6163
10309,Families without Children,2017,109169.356
10309,All Households,2017,104651.356
10309,Families with Children,2017,118424.3726
10309,Families,2017,114685.446
10310,Families without Children,2017,90837.66482
10310,Families,2017,81288.54017
10310,Families with Children,2017,72462.17036
10310,All Households,2017,72836.58449
10312,All Households,2017,94695.48615
10312,Families,2017,108771.9972
10312,Families without Children,2017,107119.9861
10312,Families with Children,2017,113252.4515
10314,Families with Children,2017,104422.9529
10314,Families,2017,100801.8781
10314,Families without Children,2017,98929.80748
10314,All Households,2017,84431.95014
10451,Families with Children,2017,29597.48892
10451,Families,2017,33960.09141
10451,All Households,2017,28137.37812
10451,Families without Children,2017,38431.15928
10452,Families with Children,2017,28451.30194
10452,All Households,2017,28374.12465
10452,Families without Children,2017,35257.50416
10452,Families,2017,31694.8338
10453,Families,2017,29940.61496
10453,All Households,2017,25469.54709
10453,Families with Children,2017,23796.67729
10453,Families without Children,2017,38646.00416
10454,Families with Children,2017,23509.86981
10454,Families,2017,25955.5554
10454,All Households,2017,22466.93352
10454,Families without Children,2017,32887.95291
10455,Families,2017,32134.95291
10455,Families with Children,2017,22736.01108
10455,All Households,2017,26583.40305
10455,Families without Children,2017,39305.13989
10456,Families without Children,2017,39351.02909
10456,Families with Children,2017,27114.25762
10456,All Households,2017,27871.42936
10456,Families,2017,31661.45983
10457,Families,2017,33290.52632
10457,Families with Children,2017,26974.50416
10457,All Households,2017,28196.82548
10457,Families without Children,2017,42696.7687
10458,Families,2017,35878.05125
10458,Families without Children,2017,41483.8338
10458,All Households,2017,33508.5
10458,Families with Children,2017,31623.91413
10459,Families,2017,33100.71191
10459,Families with Children,2017,29349.27008
10459,All Households,2017,26868.12465
10459,Families without Children,2017,36454.79501
10460,Families without Children,2017,35964.61496
10460,All Households,2017,27062.1108
10460,Families with Children,2017,25230.71468
10460,Families,2017,30178.40443
10461,All Households,2017,58244.86288
10461,Families with Children,2017,61007.60111
10461,Families without Children,2017,74078.72161
10461,Families,2017,68795.20637
10462,Families without Children,2017,66655.10111
10462,Families,2017,58445.10665
10462,All Households,2017,52107.18283
10462,Families with Children,2017,51407.37258
10463,Families with Children,2017,63624.32825
10463,All Households,2017,61409.13158
10463,Families,2017,70010.22715
10463,Families without Children,2017,76147.9072
10464,All Households,2017,91625.08172
10464,Families with Children,2017,128959.072
10464,Families,2017,126792.8934
10464,Families without Children,2017,124915.608
10465,Families,2017,96583.20083
10465,Families without Children,2017,98780.66759
10465,Families with Children,2017,90542.51385
10465,All Households,2017,77259.67729
10466,Families without Children,2017,71701.86981
10466,Families,2017,61317.35319
10466,All Households,2017,52048.77839
10466,Families with Children,2017,50157.9349
10467,Families without Children,2017,47912.49307
10467,Families with Children,2017,34563.95152
10467,All Households,2017,36900.12881
10467,Families,2017,40405.43767
10468,Families,2017,40164.51939
10468,All Households,2017,36917.85873
10468,Families with Children,2017,33068.38089
10468,Families without Children,2017,46380.41967
10469,All Households,2017,63712.97784
10469,Families with Children,2017,65465.1108
10469,Families,2017,74784.78947
10469,Families without Children,2017,81100.81163
10470,Families without Children,2017,76856.06094
10470,Families,2017,70800.77285
10470,Families with Children,2017,56163.16205
10470,All Households,2017,59090.68421
10471,All Households,2017,84406.91967
10471,Families,2017,109018.1302
10471,Families without Children,2017,108332.9211
10471,Families with Children,2017,112517.1814
10472,All Households,2017,31906.54986
10472,Families with Children,2017,32066.11911
10472,Families,2017,36452.70914
10472,Families without Children,2017,41065.61634
10473,All Households,2017,40595.25208
10473,Families with Children,2017,42249.34903
10473,Families without Children,2017,49467.51108
10473,Families,2017,45667.05125
10474,Families without Children,2017,43604.12327
10474,Families,2017,31446.61496
10474,Families with Children,2017,22568.09834
10474,All Households,2017,27007.87812
10475,Families with Children,2017,51175.84072
10475,All Households,2017,50826.45706
10475,Families,2017,63390.71053
10475,Families without Children,2017,77053.1759
11001,Families,2017,126972.2784
11001,Families without Children,2017,121698.1496
11001,Families with Children,2017,133802.4681
11001,All Households,2017,109393.5873
11004,Families with Children,2017,109653.2784
11004,All Households,2017,97321.59972
11004,Families without Children,2017,113639.3809
11004,Families,2017,112304.4224
11005,Families,2017,67944.17036
11005,Families without Children,2017,67944.17036
11005,All Households,2017,54025.14266
11040,Families,2017,138046.1759
11040,Families with Children,2017,153116.6053
11040,All Households,2017,123543.1039
11040,Families without Children,2017,124162.608
11096,All Households,2017,56188.19252
11096,Families without Children,2017,60592.51247
11096,Families with Children,2017,56448.92659
11096,Families,2017,58179.15789
11101,Families with Children,2017,68117.29778
11101,Families without Children,2017,66406.88227
11101,Families,2017,66664.48753
11101,All Households,2017,60350.55125
11102,All Households,2017,63030.89751
11102,Families without Children,2017,64016.4723
11102,Families,2017,57340.63712
11102,Families with Children,2017,50368.60803
11103,Families,2017,69186.30748
11103,All Households,2017,68029.69114
11103,Families without Children,2017,77791.57479
11103,Families with Children,2017,54428.759
11104,All Households,2017,65832.22438
11104,Families with Children,2017,55374.70222
11104,Families without Children,2017,79983.82687
11104,Families,2017,74558.4723
11105,All Households,2017,70971.8144
11105,Families with Children,2017,81849.63989
11105,Families without Children,2017,84756.30332
11105,Families,2017,83786.37258
11106,Families without Children,2017,74812.94875
11106,Families,2017,65891.67175
11106,Families with Children,2017,49214.07756
11106,All Households,2017,63332.30609
11109,All Households,2017,143353.6787
11109,Families without Children,2017,215844.0083
11109,Families with Children,2017,198846.2327
11109,Families,2017,199697.2687
11201,Families with Children,2017,192538.554
11201,Families without Children,2017,144614.5886
11201,Families,2017,164361.5443
11201,All Households,2017,121445.759
11203,Families,2017,62727.40305
11203,All Households,2017,50206.95291
11203,Families with Children,2017,48343.22576
11203,Families without Children,2017,68667.96814
11204,Families with Children,2017,50894.24792
11204,All Households,2017,49373.64681
11204,Families without Children,2017,61266.24931
11204,Families,2017,55983.77701
11205,Families without Children,2017,64068.61911
11205,Families with Children,2017,44713.80748
11205,All Households,2017,53788.39612
11205,Families,2017,53881.21745
11206,Families with Children,2017,28899.76454
11206,Families,2017,34189.5374
11206,Families without Children,2017,39570.04571
11206,All Households,2017,35587.07202
11207,All Households,2017,37346.50554
11207,Families with Children,2017,37940.97922
11207,Families,2017,48132.55263
11207,Families without Children,2017,56675.24377
11208,Families without Children,2017,57078.86011
11208,Families,2017,48204.51524
11208,All Households,2017,41287.76177
11208,Families with Children,2017,40138.44598
11209,All Households,2017,72565.42105
11209,Families with Children,2017,97996.3795
11209,Families,2017,94032.17867
11209,Families without Children,2017,92288.3892
11210,Families without Children,2017,78629.05263
11210,Families with Children,2017,71212.73269
11210,Families,2017,76530.66482
11210,All Households,2017,64872.72299
11211,Families,2017,57837.07479
11211,Families with Children,2017,47636.11496
11211,Families without Children,2017,70297.03463
11211,All Households,2017,68951.64681
11212,Families without Children,2017,46329.31579
11212,Families,2017,37798.09695
11212,Families with Children,2017,30475.64127
11212,All Households,2017,26779.47507
11213,All Households,2017,42347.38504
11213,Families with Children,2017,42418.30471
11213,Families,2017,48982.54571
11213,Families without Children,2017,56978.73823
11214,Families,2017,63398.01108
11214,Families with Children,2017,58716.27008
11214,All Households,2017,55433.10665
11214,Families without Children,2017,68711.77147
11215,All Households,2017,121911.9515
11215,Families without Children,2017,128827.662
11215,Families,2017,158308.3421
11215,Families with Children,2017,185900.2645
11216,Families without Children,2017,69198.82271
11216,Families with Children,2017,59332.64543
11216,All Households,2017,58430.50554
11216,Families,2017,65590.26316
11217,Families with Children,2017,147666.2202
11217,Families,2017,125882.41
11217,Families without Children,2017,108585.3116
11217,All Households,2017,103339.3421
11218,Families without Children,2017,76861.27562
11218,Families with Children,2017,67078.53324
11218,All Households,2017,66906.44875
11218,Families,2017,70784.08587
11219,Families without Children,2017,47547.46537
11219,Families,2017,40111.32964
11219,All Households,2017,39282.19529
11219,Families with Children,2017,35508.8518
11220,Families,2017,41863.4626
11220,Families with Children,2017,34157.20637
11220,All Households,2017,44386.32548
11220,Families without Children,2017,52658.89612
11221,Families,2017,52619.26454
11221,Families with Children,2017,45130.98199
11221,All Households,2017,49195.30471
11221,Families without Children,2017,56574.07895
11222,All Households,2017,81648.35319
11222,Families,2017,89785.34211
11222,Families without Children,2017,87142.54155
11222,Families with Children,2017,97775.27701
11223,Families,2017,58970.74654
11223,Families without Children,2017,64776.77285
11223,All Households,2017,48298.3795
11223,Families with Children,2017,52415.89197
11224,Families without Children,2017,47115.68975
11224,Families,2017,45171.65651
11224,All Households,2017,32988.07479
11224,Families with Children,2017,40657.82825
11225,Families with Children,2017,47153.23546
11225,All Households,2017,54155.5097
11225,Families,2017,61487.3518
11225,Families without Children,2017,66622.77008
11226,Families,2017,56643.95568
11226,Families without Children,2017,64080.09141
11226,Families with Children,2017,50153.76316
11226,All Households,2017,50577.19529
11228,All Households,2017,66431.91274
11228,Families with Children,2017,75147.7313
11228,Families without Children,2017,82524.41967
11228,Families,2017,78994.08033
11229,Families without Children,2017,78663.46953
11229,Families with Children,2017,70910.28116
11229,Families,2017,75457.48338
11229,All Households,2017,61832.56371
11230,Families without Children,2017,63532.54986
11230,Families with Children,2017,58504.55402
11230,Families,2017,60874.10526
11230,All Households,2017,47988.62742
11231,Families,2017,130513.0471
11231,Families with Children,2017,153833.1025
11231,All Households,2017,97592.76316
11231,Families without Children,2017,109842.0499
11232,Families,2017,52440.92244
11232,Families with Children,2017,47682.00416
11232,Families without Children,2017,56258.06925
11232,All Households,2017,56222.60942
11233,Families,2017,43111.85734
11233,Families without Children,2017,55630.22161
11233,All Households,2017,37555.0928
11233,Families with Children,2017,34115.48892
11234,All Households,2017,82903.00554
11234,Families with Children,2017,93945.61496
11234,Families,2017,92903.72161
11234,Families without Children,2017,91896.24515
11235,Families with Children,2017,68228.89197
11235,Families,2017,67883.68006
11235,Families without Children,2017,67686.5651
11235,All Households,2017,51784.91551
11236,Families with Children,2017,66306.76039
11236,All Households,2017,66435.04155
11236,Families,2017,77532.92659
11236,Families without Children,2017,85222.49584
11237,All Households,2017,53470.30055
11237,Families without Children,2017,54124.22161
11237,Families,2017,43740.74792
11237,Families with Children,2017,36685.28393
11238,Families without Children,2017,88168.79086
11238,All Households,2017,82405.52493
11238,Families,2017,98880.78947
11238,Families with Children,2017,113512.1427
11239,Families with Children,2017,51982.03047
11239,Families,2017,37986.86842
11239,Families without Children,2017,29622.51939
11239,All Households,2017,27118.42936
11354,Families without Children,2017,52033.13435
11354,Families with Children,2017,46781.95014
11354,All Households,2017,46423.18006
11354,Families,2017,49632.29501
11355,Families without Children,2017,46004.9626
11355,Families,2017,42924.12881
11355,All Households,2017,40017.46537
11355,Families with Children,2017,39556.48753
11356,All Households,2017,62275.81163
11356,Families with Children,2017,61990.04709
11356,Families without Children,2017,71461.99446
11356,Families,2017,66182.65097
11357,Families without Children,2017,83822.87535
11357,All Households,2017,84533.11496
11357,Families with Children,2017,110811.9806
11357,Families,2017,94247.02355
11358,Families with Children,2017,81218.66343
11358,Families,2017,80205.9723
11358,Families without Children,2017,80121.49446
11358,All Households,2017,68762.87535
11360,All Households,2017,88103.08587
11360,Families,2017,108494.5762
11360,Families without Children,2017,101930.3352
11360,Families with Children,2017,115483.2922
11361,Families without Children,2017,101874.0166
11361,Families,2017,96865.83657
11361,Families with Children,2017,91227.72299
11361,All Households,2017,85541.63435
11362,All Households,2017,84298.45429
11362,Families with Children,2017,96412.15928
11362,Families,2017,102149.3518
11362,Families without Children,2017,107589.3075
11363,Families,2017,120337.1177
11363,Families without Children,2017,122092.3795
11363,All Households,2017,101982.482
11363,Families with Children,2017,102555.054
11364,Families with Children,2017,92551.20914
11364,Families without Children,2017,87748.48753
11364,Families,2017,89872.94875
11364,All Households,2017,74079.76454
11365,Families with Children,2017,74574.11634
11365,All Households,2017,66179.52216
11365,Families without Children,2017,78890.82964
11365,Families,2017,76928.02355
11366,Families,2017,84142.01385
11366,Families without Children,2017,86042.24377
11366,All Households,2017,69996.66898
11366,Families with Children,2017,63564.88089
11367,All Households,2017,61453.97784
11367,Families,2017,71637.20776
11367,Families without Children,2017,76024.84072
11367,Families with Children,2017,67015.95706
11368,Families without Children,2017,56004.63573
11368,Families with Children,2017,42569.53047
11368,All Households,2017,49917.01662
11368,Families,2017,47805.07064
11369,All Households,2017,55719.91413
11369,Families with Children,2017,50435.35596
11369,Families,2017,64567.14266
11369,Families without Children,2017,73188.05402
11370,Families,2017,72941.92105
11370,Families without Children,2017,83509.99446
11370,All Households,2017,62472.92659
11370,Families with Children,2017,58870.62465
11372,Families,2017,59625.71053
11372,All Households,2017,56279.97091
11372,Families without Children,2017,65046.89335
11372,Families with Children,2017,52357.48753
11373,All Households,2017,51206.08587
11373,Families,2017,55104.58172
11373,Families with Children,2017,47000.96676
11373,Families without Children,2017,62200.72022
11374,All Households,2017,59304.48615
11374,Families with Children,2017,85376.85042
11374,Families,2017,82537.97784
11374,Families without Children,2017,81486.69806
11375,Families without Children,2017,98623.18421
11375,Families,2017,107222.1939
11375,Families with Children,2017,120364.2341
11375,All Households,2017,79750.20914
11377,Families without Children,2017,64904.01108
11377,Families,2017,59577.73546
11377,All Households,2017,57350.02355
11377,Families with Children,2017,53340.97645
11378,All Households,2017,71399.41828
11378,Families,2017,84604.03463
11378,Families without Children,2017,86831.74654
11378,Families with Children,2017,81877.79917
11379,All Households,2017,82989.56925
11379,Families with Children,2017,101472.4861
11379,Families,2017,99997.77424
11379,Families without Children,2017,98446.92798
11385,Families without Children,2017,74066.20637
11385,Families,2017,70870.64958
11385,All Households,2017,67249.57479
11385,Families with Children,2017,64804.93213
11411,Families without Children,2017,94661.06925
11411,All Households,2017,90976.37535
11411,Families,2017,99447.10388
11411,Families with Children,2017,110863.0845
11412,All Households,2017,78540.40305
11412,Families with Children,2017,85937.95014
11412,Families,2017,87654.62327
11412,Families without Children,2017,88299.15789
11413,All Households,2017,87042.41967
11413,Families with Children,2017,89490.19114
11413,Families without Children,2017,93365.74238
11413,Families,2017,91723.11773
11414,Families with Children,2017,94195.91967
11414,Families,2017,88948.9072
11414,Families without Children,2017,86290.4626
11414,All Households,2017,75750.54848
11415,Families with Children,2017,73966.08449
11415,All Households,2017,68813.97922
11415,Families without Children,2017,87047.63435
11415,Families,2017,79478.00277
11416,Families without Children,2017,78060.65235
11416,Families,2017,65118.85596
11416,All Households,2017,63916.35042
11416,Families with Children,2017,54368.2687
11417,All Households,2017,72994.06787
11417,Families with Children,2017,69150.84765
11417,Families without Children,2017,80362.41274
11417,Families,2017,77356.67036
11418,All Households,2017,69879.86011
11418,Families,2017,69201.95152
11418,Families without Children,2017,75783.92244
11418,Families with Children,2017,61885.75346
11419,Families with Children,2017,60529.93629
11419,All Households,2017,68532.38643
11419,Families,2017,70491.02078
11419,Families without Children,2017,78015.80609
11420,Families without Children,2017,79973.39751
11420,All Households,2017,69063.241
11420,Families,2017,73440.4446
11420,Families with Children,2017,63941.38089
11421,All Households,2017,72017.8795
11421,Families with Children,2017,70805.98753
11421,Families,2017,77823.90582
11421,Families without Children,2017,81614.97922
11422,Families with Children,2017,88860.25762
11422,All Households,2017,90731.28532
11422,Families,2017,98920.42105
11422,Families without Children,2017,101037.5817
11423,Families without Children,2017,91691.82964
11423,Families,2017,80214.31579
11423,All Households,2017,69308.33102
11423,Families with Children,2017,67250.61773
11426,All Households,2017,86955.85596
11426,Families without Children,2017,103921.3006
11426,Families,2017,104524.1177
11426,Families with Children,2017,105036.1994
11427,Families,2017,94415.97922
11427,Families without Children,2017,93920.58449
11427,Families with Children,2017,95435.97091
11427,All Households,2017,76002.93906
11428,Families with Children,2017,75448.09695
11428,All Households,2017,74739.94321
11428,Families,2017,79691.80471
11428,Families without Children,2017,84054.4072
11429,All Households,2017,83918.82548
11429,Families with Children,2017,72065.85457
11429,Families without Children,2017,97471.78255
11429,Families,2017,91206.86427
11432,Families without Children,2017,69900.71884
11432,Families,2017,58531.67036
11432,All Households,2017,55249.54986
11432,Families with Children,2017,50867.13158
11433,All Households,2017,50890.07618
11433,Families with Children,2017,60451.71607
11433,Families,2017,60723.92244
11433,Families without Children,2017,61083.73546
11434,Families with Children,2017,75267.66898
11434,Families,2017,77877.09557
11434,Families without Children,2017,81744.30332
11434,All Households,2017,63308.31856
11435,All Households,2017,62091.21191
11435,Families,2017,64868.55125
11435,Families with Children,2017,48673.83657
11435,Families without Children,2017,79037.88366
11436,Families with Children,2017,66462.15789
11436,All Households,2017,72232.72438
11436,Families,2017,77737.34211
11436,Families without Children,2017,82701.71884
11691,Families without Children,2017,60090.86011
11691,Families,2017,57673.3338
11691,All Households,2017,44255.95845
11691,Families with Children,2017,53980.2964
11692,Families without Children,2017,53325.33241
11692,Families,2017,49517.57202
11692,All Households,2017,47783.16898
11692,Families with Children,2017,42039.71884
11693,All Households,2017,59909.3892
11693,Families without Children,2017,71461.99446
11693,Families,2017,71188.74515
11693,Families with Children,2017,70738.19668
11694,All Households,2017,80876.58033
11694,Families,2017,109098.4363
11694,Families without Children,2017,107357.7756
11694,Families with Children,2017,120289.1427
11697,Families,2017,116977.8199
11697,Families with Children,2017,186424.8615
11697,All Households,2017,104076.6981
11697,Families without Children,2017,98210.18144
10001,Families without Children,2018,122776.874
10001,Families,2018,115436.2439
10001,Families with Children,2018,106388.2301
10001,All Households,2018,90129.90535
10002,Families with Children,2018,41537.17415
10002,Families,2018,41220.53948
10002,Families without Children,2018,40995.53542
10002,All Households,2018,36508.68983
10003,All Households,2018,114162.5784
10003,Families,2018,184413.7317
10003,Families without Children,2018,157088.4654
10003,Families with Children,2018,254530.4935
10004,Families,2018,205416.4859
10004,Families without Children,2018,204718.0571
10004,Families with Children,2018,254530.4935
10004,All Households,2018,160501.1966
10005,All Households,2018,176473.4302
10005,Families without Children,2018,174989.0143
10005,Families with Children,2018,254530.4935
10005,Families,2018,239970.3894
10006,Families,2018,204498.1436
10006,Families without Children,2018,194162.2107
10006,Families with Children,2018,230166.9321
10006,All Households,2018,179443.2802
10007,Families,2018,254530.4935
10007,Families with Children,2018,254530.4935
10007,Families without Children,2018,254530.4935
10007,All Households,2018,251284.7336
10009,Families with Children,2018,72373.92915
10009,Families,2018,63982.60141
10009,All Households,2018,62663.12061
10009,Families without Children,2018,59984.45241
10010,Families with Children,2018,254530.4935
10010,Families,2018,217686.8429
10010,Families without Children,2018,186606.7577
10010,All Households,2018,120059.5173
10011,All Households,2018,130943.1977
10011,Families,2018,219319.904
10011,Families without Children,2018,204515.4516
10011,Families with Children,2018,254530.4935
10012,Families with Children,2018,207378.3991
10012,Families without Children,2018,151484.7445
10012,Families,2018,161605.8545
10012,All Households,2018,111012.5216
10013,All Households,2018,107352.3878
10013,Families without Children,2018,101943.1274
10013,Families,2018,138612.6798
10013,Families with Children,2018,228245.7436
10014,Families,2018,205101.8875
10014,Families with Children,2018,254530.4935
10014,All Households,2018,128894.7445
10014,Families without Children,2018,179301.7618
10016,All Households,2018,119123.867
10016,Families without Children,2018,204736.3832
10016,Families,2018,203678.5587
10016,Families with Children,2018,197543.3802
10017,Families without Children,2018,199528.7101
10017,Families,2018,204730.2745
10017,Families with Children,2018,254530.4935
10017,All Households,2018,129816.1412
10018,Families without Children,2018,168953.6114
10018,Families,2018,146112.1363
10018,Families with Children,2018,101811.7902
10018,All Households,2018,110887.2931
10019,All Households,2018,100623.6466
10019,Families without Children,2018,166737.1687
10019,Families,2018,165613.1666
10019,Families with Children,2018,160060.3515
10021,All Households,2018,120432.1485
10021,Families with Children,2018,250653.5005
10021,Families without Children,2018,236510.8248
10021,Families,2018,237555.4137
10022,Families without Children,2018,251559.6255
10022,Families with Children,2018,254530.4935
10022,Families,2018,254530.4935
10022,All Households,2018,137815.4935
10023,All Households,2018,132815.5165
10023,Families with Children,2018,254530.4935
10023,Families,2018,223646.9051
10023,Families without Children,2018,199700.772
10024,Families without Children,2018,194191.7361
10024,Families,2018,225792.0795
10024,Families with Children,2018,254530.4935
10024,All Households,2018,134053.5479
10025,Families,2018,135123.5898
10025,Families without Children,2018,116154.017
10025,Families with Children,2018,191764.543
10025,All Households,2018,87486.87128
10026,All Households,2018,59950.85452
10026,Families with Children,2018,60245.09059
10026,Families without Children,2018,62816.85641
10026,Families,2018,61609.36858
10027,Families with Children,2018,59737.04976
10027,Families,2018,55062.87047
10027,Families without Children,2018,52248.79259
10027,All Households,2018,46948.4708
10028,Families without Children,2018,200460.288
10028,Families,2018,240594.4957
10028,Families with Children,2018,254530.4935
10028,All Households,2018,127407.2742
10029,Families without Children,2018,45432.49324
10029,Families,2018,39993.70741
10029,All Households,2018,34632.29854
10029,Families with Children,2018,32405.67469
10030,Families with Children,2018,41498.48567
10030,All Households,2018,37906.56571
10030,Families,2018,50493.55733
10030,Families without Children,2018,60206.40211
10031,Families without Children,2018,54318.62628
10031,Families,2018,51740.75176
10031,All Households,2018,50794.92023
10031,Families with Children,2018,42245.78421
10032,Families with Children,2018,42053.35992
10032,All Households,2018,51303.97918
10032,Families,2018,55389.68632
10032,Families without Children,2018,60349.95673
10033,Families,2018,60998.49784
10033,Families with Children,2018,64409.19281
10033,Families without Children,2018,60247.12683
10033,All Households,2018,59675.96268
10034,All Households,2018,55707.3391
10034,Families with Children,2018,52698.8007
10034,Families,2018,56673.53299
10034,Families without Children,2018,61799.75663
10035,Families,2018,37458.59383
10035,Families without Children,2018,40056.83072
10035,All Households,2018,30626.0046
10035,Families with Children,2018,33308.74527
10036,Families,2018,154687.7434
10036,Families without Children,2018,172137.2661
10036,All Households,2018,93601.6874
10036,Families with Children,2018,101840.2975
10037,Families without Children,2018,59058.98323
10037,All Households,2018,45857.0484
10037,Families,2018,46967.81504
10037,Families with Children,2018,33738.39102
10038,All Households,2018,87617.19037
10038,Families,2018,88841.98621
10038,Families without Children,2018,82669.13737
10038,Families with Children,2018,144318.2125
10039,Families without Children,2018,54195.43402
10039,Families,2018,45014.04678
10039,All Households,2018,40371.42915
10039,Families with Children,2018,40616.79557
10040,Families with Children,2018,47160.23932
10040,All Households,2018,47991.02353
10040,Families,2018,53827.89346
10040,Families without Children,2018,58089.73499
10044,Families,2018,127901.0614
10044,Families with Children,2018,181224.9865
10044,All Households,2018,102260.7802
10044,Families without Children,2018,110456.6293
10065,All Households,2018,129682.7677
10065,Families,2018,232469.9148
10065,Families with Children,2018,241025.1595
10065,Families without Children,2018,218810.8451
10069,Families with Children,2018,254530.4935
10069,All Households,2018,112629.2929
10069,Families without Children,2018,151365.6247
10069,Families,2018,183060.6531
10075,Families,2018,179908.56
10075,Families with Children,2018,171854.2293
10075,All Households,2018,139630.7977
10075,Families without Children,2018,197642.1376
10128,Families,2018,201396.9565
10128,Families with Children,2018,235926.4251
10128,Families without Children,2018,182172.8542
10128,All Households,2018,116075.622
10280,All Households,2018,172921.2169
10280,Families with Children,2018,247584.8932
10280,Families without Children,2018,198193.9575
10280,Families,2018,216125.05
10282,Families,2018,254530.4935
10282,All Households,2018,254530.4935
10282,Families with Children,2018,254530.4935
10282,Families without Children,2018,254530.4935
10301,All Households,2018,56813.01514
10301,Families with Children,2018,54460.14467
10301,Families without Children,2018,86559.36587
10301,Families,2018,75760.18929
10302,Families with Children,2018,71095.17307
10302,Families,2018,87335.17171
10302,All Households,2018,65264.41184
10302,Families without Children,2018,95627.74202
10303,All Households,2018,63691.41969
10303,Families with Children,2018,68017.40265
10303,Families without Children,2018,69543.56138
10303,Families,2018,68580.42185
10304,Families,2018,74925.33261
10304,Families without Children,2018,85005.71796
10304,Families with Children,2018,65110.67604
10304,All Households,2018,53144.73634
10305,Families with Children,2018,89283.84938
10305,All Households,2018,77874.82017
10305,Families,2018,90653.21796
10305,Families without Children,2018,95255.11087
10306,Families,2018,95596.18037
10306,Families without Children,2018,96562.37426
10306,Families with Children,2018,91164.31314
10306,All Households,2018,81010.62331
10307,All Households,2018,82358.61141
10307,Families without Children,2018,108175.027
10307,Families,2018,100688.8061
10307,Families with Children,2018,98683.11385
10308,All Households,2018,95665.41239
10308,Families with Children,2018,106953.2856
10308,Families,2018,106390.2664
10308,Families without Children,2018,105694.8918
10309,Families without Children,2018,108574.1293
10309,All Households,2018,105044.3145
10309,Families,2018,116149.9446
10309,Families with Children,2018,124294.8878
10310,Families without Children,2018,96344.49703
10310,Families,2018,85292.8272
10310,All Households,2018,73399.17388
10310,Families with Children,2018,74127.12818
10312,All Households,2018,96786.36019
10312,Families,2018,109828.4505
10312,Families without Children,2018,105968.7655
10312,Families with Children,2018,116491.0141
10314,Families with Children,2018,105643.9859
10314,Families,2018,103339.9851
10314,Families without Children,2018,100661.3169
10314,All Households,2018,88313.58302
10451,Families without Children,2018,43124.41996
10451,Families with Children,2018,29011.26961
10451,All Households,2018,29444.98783
10451,Families,2018,35607.65549
10452,Families without Children,2018,36915.93699
10452,All Households,2018,28789.3199
10452,Families with Children,2018,29980.51785
10452,Families,2018,32204.08734
10453,Families,2018,29966.2642
10453,All Households,2018,25732.92996
10453,Families with Children,2018,24155.86533
10453,Families without Children,2018,39281.02488
10454,Families with Children,2018,23705.85722
10454,All Households,2018,21532.1755
10454,Families,2018,27495.29205
10454,Families without Children,2018,34583.42888
10455,Families,2018,32461.67117
10455,All Households,2018,27286.57788
10455,Families with Children,2018,25550.68686
10455,Families without Children,2018,40502.76636
10456,Families without Children,2018,41534.11979
10456,All Households,2018,27597.10384
10456,Families with Children,2018,27930.02839
10456,Families,2018,33476.73472
10457,Families,2018,33902.308
10457,All Households,2018,27916.79286
10457,Families with Children,2018,25379.64305
10457,Families without Children,2018,44866.41969
10458,Families without Children,2018,46482.1728
10458,Families,2018,37517.64467
10458,All Households,2018,34546.77664
10458,Families with Children,2018,29874.63359
10459,Families with Children,2018,31823.31125
10459,Families,2018,34703.56679
10459,All Households,2018,28188.63034
10459,Families without Children,2018,38867.66901
10460,Families without Children,2018,37607.23905
10460,All Households,2018,27352.75554
10460,Families with Children,2018,24832.91374
10460,Families,2018,31209.38615
10461,Families with Children,2018,57732.37561
10461,All Households,2018,57637.69064
10461,Families without Children,2018,71696.88075
10461,Families,2018,66569.63899
10462,Families without Children,2018,63408.38291
10462,Families,2018,58552.97864
10462,Families with Children,2018,53799.38615
10462,All Households,2018,53358.5411
10463,All Households,2018,59611.82125
10463,Families with Children,2018,65051.6252
10463,Families,2018,69008.03137
10463,Families without Children,2018,71246.87263
10464,All Households,2018,95056.57788
10464,Families with Children,2018,134597.2228
10464,Families,2018,134052.5297
10464,Families without Children,2018,133813.272
10465,Families without Children,2018,95344.70525
10465,Families,2018,95465.86128
10465,Families with Children,2018,95817.11195
10465,All Households,2018,76151.14657
10466,Families without Children,2018,72790.33937
10466,Families,2018,62785.29475
10466,All Households,2018,52409.65522
10466,Families with Children,2018,50106.67253
10467,Families without Children,2018,48872.71363
10467,Families,2018,42481.98756
10467,All Households,2018,37685.63413
10467,Families with Children,2018,37489.13737
10468,Families,2018,41317.26068
10468,All Households,2018,36699.07788
10468,Families with Children,2018,34689.31314
10468,Families without Children,2018,47913.64657
10469,All Households,2018,64805.24067
10469,Families with Children,2018,66356.85235
10469,Families,2018,75316.28989
10469,Families without Children,2018,81985.98026
10470,Families without Children,2018,71841.45349
10470,Families,2018,68800.33532
10470,Families with Children,2018,58507.16333
10470,All Households,2018,58195.61925
10471,All Households,2018,87259.83099
10471,Families without Children,2018,111693.6425
10471,Families with Children,2018,117204.7147
10471,Families,2018,112619.1117
10472,All Households,2018,31538.23824
10472,Families with Children,2018,32023.88048
10472,Families,2018,36587.08491
10472,Families without Children,2018,41622.69605
10473,Families with Children,2018,48463.43023
10473,All Households,2018,42392.39319
10473,Families,2018,51395.60979
10473,Families without Children,2018,53200.73283
10474,Families without Children,2018,43435.96403
10474,Families,2018,30559.82693
10474,All Households,2018,25954.87966
10474,Families with Children,2018,22803.80476
10475,All Households,2018,51752.96917
10475,Families with Children,2018,52054.33207
10475,Families,2018,64691.21147
10475,Families without Children,2018,77470.62737
11001,Families without Children,2018,128453.8994
11001,Families,2018,131241.5062
11001,Families with Children,2018,134508.6466
11001,All Households,2018,110402.669
11004,Families,2018,108769.6079
11004,Families with Children,2018,102230.2366
11004,All Households,2018,94335.75041
11004,Families without Children,2018,114604.4416
11005,Families,2018,105077.9124
11005,Families without Children,2018,105077.9124
11005,All Households,2018,64134.30097
11040,Families,2018,138969.0211
11040,Families with Children,2018,162605.6463
11040,Families without Children,2018,122961.1533
11040,All Households,2018,126631.4684
11096,Families with Children,2018,56940.27988
11096,All Households,2018,57948.2166
11096,Families,2018,66417.93943
11096,Families without Children,2018,69321.61168
11101,Families,2018,70087.23634
11101,All Households,2018,66576.76582
11101,Families without Children,2018,76252.95836
11101,Families with Children,2018,61396.58194
11102,Families,2018,61922.94889
11102,All Households,2018,65227.7596
11102,Families with Children,2018,52981.83748
11102,Families without Children,2018,66468.84532
11103,All Households,2018,72731.28853
11103,Families,2018,77448.22877
11103,Families without Children,2018,82989.84451
11103,Families with Children,2018,59871.44132
11104,All Households,2018,62379.06571
11104,Families with Children,2018,55996.48459
11104,Families without Children,2018,78663.86155
11104,Families,2018,70897.65819
11105,All Households,2018,75298.98188
11105,Families,2018,85772.36074
11105,Families with Children,2018,84932.41347
11105,Families without Children,2018,86343.52488
11106,Families without Children,2018,77227.29719
11106,Families,2018,68517.29854
11106,Families with Children,2018,57285.42185
11106,All Households,2018,64857.16468
11109,Families without Children,2018,181564.0197
11109,All Households,2018,151282.139
11109,Families,2018,197652.3188
11109,Families with Children,2018,198188.867
11201,Families with Children,2018,199805.6382
11201,Families without Children,2018,156828.8453
11201,Families,2018,172040.5449
11201,All Households,2018,127260.6652
11203,Families,2018,65077.07815
11203,All Households,2018,52206.03164
11203,Families with Children,2018,51630.79502
11203,Families without Children,2018,71778.33018
11204,Families with Children,2018,52187.70552
11204,All Households,2018,50686.99973
11204,Families without Children,2018,61951.45619
11204,Families,2018,57185.6463
11205,All Households,2018,57735.42996
11205,Families,2018,60388.64521
11205,Families with Children,2018,51460.76933
11205,Families without Children,2018,70135.08789
11206,Families with Children,2018,29850.19876
11206,Families without Children,2018,41100.40157
11206,Families,2018,35584.23878
11206,All Households,2018,37063.56409
11207,All Households,2018,37917.76501
11207,Families with Children,2018,40239.07382
11207,Families,2018,47884.12115
11207,Families without Children,2018,55261.40346
11208,Families without Children,2018,58696.53326
11208,Families,2018,49365.48269
11208,All Households,2018,41470.99648
11208,Families with Children,2018,41099.38345
11209,All Households,2018,73624.17793
11209,Families,2018,99108.68713
11209,Families with Children,2018,106092.9759
11209,Families without Children,2018,95618.57896
11210,Families without Children,2018,79326.6563
11210,Families with Children,2018,73422.59059
11210,Families,2018,76512.57842
11210,All Households,2018,67093.96971
11211,Families,2018,61131.87128
11211,Families with Children,2018,48415.57869
11211,Families without Children,2018,73867.50811
11211,All Households,2018,72515.44754
11212,Families without Children,2018,48795.33667
11212,Families,2018,40916.12223
11212,Families with Children,2018,31052.596
11212,All Households,2018,26714.39562
11213,Families with Children,2018,42085.9397
11213,All Households,2018,42465.69767
11213,Families,2018,47907.53786
11213,Families without Children,2018,55751.11817
11214,Families,2018,62918.6682
11214,Families with Children,2018,59603.67631
11214,All Households,2018,55020.10952
11214,Families without Children,2018,68305.53002
11215,Families without Children,2018,130941.1614
11215,All Households,2018,125822.0646
11215,Families,2018,159394.5024
11215,Families with Children,2018,184109.3145
11216,Families,2018,70520.95457
11216,Families with Children,2018,69123.07869
11216,Families without Children,2018,71800.72877
11216,All Households,2018,62228.38426
11217,Families with Children,2018,148342.8326
11217,Families,2018,130203.026
11217,Families without Children,2018,116421.782
11217,All Households,2018,109307.1741
11218,Families without Children,2018,79564.89589
11218,Families,2018,75879.30909
11218,Families with Children,2018,72643.73039
11218,All Households,2018,70672.65414
11219,Families without Children,2018,50789.82964
11219,Families,2018,41085.1298
11219,All Households,2018,40006.94294
11219,Families with Children,2018,36825.3245
11220,Families with Children,2018,36899.64711
11220,All Households,2018,47931.97269
11220,Families,2018,45205.45295
11220,Families without Children,2018,54623.04354
11221,All Households,2018,51061.66712
11221,Families with Children,2018,51595.1609
11221,Families,2018,55880.41915
11221,Families without Children,2018,59489.64711
11222,Families without Children,2018,89683.96971
11222,All Households,2018,86653.03272
11222,Families with Children,2018,102236.3453
11222,Families,2018,94768.45051
11223,Families without Children,2018,67281.30341
11223,Families,2018,61657.22012
11223,All Households,2018,51015.85181
11223,Families with Children,2018,51187.91374
11224,Families,2018,44202.60681
11224,Families without Children,2018,46946.43456
11224,All Households,2018,33731.2642
11224,Families with Children,2018,40947.68388
11225,Families with Children,2018,48582.55003
11225,Families,2018,63530.55706
11225,All Households,2018,56874.10222
11225,Families without Children,2018,71832.29043
11226,Families,2018,59444.84992
11226,Families without Children,2018,65603.44511
11226,All Households,2018,52995.07301
11226,Families with Children,2018,51854.78096
11228,All Households,2018,69141.40481
11228,Families without Children,2018,85559.57409
11228,Families,2018,81807.80963
11228,Families with Children,2018,79090.45295
11229,Families without Children,2018,79432.54056
11229,Families,2018,77320.96403
11229,Families with Children,2018,72862.62574
11229,All Households,2018,61975.89102
11230,Families,2018,63579.42672
11230,Families with Children,2018,58977.5338
11230,All Households,2018,50438.57896
11230,Families without Children,2018,69451.93077
11231,Families without Children,2018,126592.7799
11231,Families with Children,2018,157999.6809
11231,Families,2018,142390.9154
11231,All Households,2018,102028.6493
11232,Families,2018,53719.97296
11232,Families with Children,2018,46659.32531
11232,Families without Children,2018,58439.96755
11232,All Households,2018,57687.57842
11233,Families without Children,2018,58886.92131
11233,Families,2018,46871.09383
11233,All Households,2018,41181.851
11233,Families with Children,2018,36872.15792
11234,All Households,2018,82873.77907
11234,Families with Children,2018,94460.97891
11234,Families,2018,92510.26501
11234,Families without Children,2018,91066.57382
11235,Families with Children,2018,71681.60898
11235,Families,2018,69686.09789
11235,Families without Children,2018,68958.14359
11235,All Households,2018,53489.87831
11236,All Households,2018,68895.02028
11236,Families with Children,2018,71845.52596
11236,Families,2018,80737.76771
11236,Families without Children,2018,86545.11222
11237,Families without Children,2018,50715.50703
11237,All Households,2018,52344.49567
11237,Families with Children,2018,33123.44781
11237,Families,2018,41160.47052
11238,All Households,2018,86954.39562
11238,Families without Children,2018,93864.36182
11238,Families,2018,107152.8367
11238,Families with Children,2018,126421.7361
11239,Families with Children,2018,54265.68415
11239,Families,2018,41663.42077
11239,Families without Children,2018,30870.35289
11239,All Households,2018,27595.0676
11354,Families without Children,2018,52357.73121
11354,All Households,2018,43270.01082
11354,Families with Children,2018,47124.60519
11354,Families,2018,50389.7093
11355,Families without Children,2018,47052.31882
11355,Families,2018,43532.68524
11355,Families with Children,2018,39230.11898
11355,All Households,2018,39917.34857
11356,All Households,2018,61589.00622
11356,Families,2018,65663.51406
11356,Families with Children,2018,60952.68253
11356,Families without Children,2018,72488.97647
11357,All Households,2018,85472.01595
11357,Families without Children,2018,85385.47593
11357,Families with Children,2018,113703.4072
11357,Families,2018,95562.58248
11358,Families with Children,2018,85085.13115
11358,Families,2018,77128.53975
11358,All Households,2018,67327.11871
11358,Families without Children,2018,75306.10871
11360,All Households,2018,87735.29205
11360,Families,2018,108074.2334
11360,Families without Children,2018,99147.37561
11360,Families with Children,2018,127264.7377
11361,Families without Children,2018,99516.95241
11361,Families with Children,2018,95297.87182
11361,Families,2018,97298.4735
11361,All Households,2018,87443.09221
11362,All Households,2018,90800.84505
11362,Families with Children,2018,101527.7353
11362,Families,2018,107599.7904
11362,Families without Children,2018,109712.3851
11363,Families without Children,2018,123765.4665
11363,Families,2018,128188.1706
11363,Families with Children,2018,130605.1825
11363,All Households,2018,106690.6111
11364,Families with Children,2018,95851.72796
11364,Families,2018,93982.46349
11364,Families without Children,2018,92229.26447
11364,All Households,2018,78382.86101
11365,Families with Children,2018,75319.34424
11365,Families,2018,76383.27745
11365,All Households,2018,67687.53245
11365,Families without Children,2018,76770.16225
11366,All Households,2018,80421.13304
11366,Families with Children,2018,71489.18469
11366,Families,2018,91657.08221
11366,Families without Children,2018,95258.16522
11367,Families,2018,65605.48134
11367,Families with Children,2018,62024.76068
11367,All Households,2018,58982.62439
11367,Families without Children,2018,71787.49324
11368,Families without Children,2018,58548.90617
11368,Families with Children,2018,42701.90103
11368,Families,2018,49119.09816
11368,All Households,2018,51717.33505
11369,All Households,2018,55101.55895
11369,Families with Children,2018,49124.18875
11369,Families,2018,62996.04516
11369,Families without Children,2018,73347.24986
11370,All Households,2018,66277.43916
11370,Families,2018,81307.91374
11370,Families without Children,2018,84521.09383
11370,Families with Children,2018,60967.9543
11372,Families,2018,60153.45998
11372,All Households,2018,57404.54164
11372,Families with Children,2018,52108.29232
11372,Families without Children,2018,66130.83018
11373,All Households,2018,52110.32856
11373,Families with Children,2018,46286.69416
11373,Families without Children,2018,63782.03218
11373,Families,2018,55867.18361
11374,All Households,2018,64305.34478
11374,Families,2018,84111.81044
11374,Families without Children,2018,83344.14954
11374,Families with Children,2018,85550.41103
11375,Families without Children,2018,97087.72309
11375,Families,2018,105591.0438
11375,Families with Children,2018,129651.2061
11375,All Households,2018,82001.25203
11377,Families without Children,2018,67020.66522
11377,Families,2018,61972.83667
11377,All Households,2018,58042.90157
11377,Families with Children,2018,55469.09951
11378,All Households,2018,74661.64008
11378,Families,2018,86179.6079
11378,Families without Children,2018,88978.41401
11378,Families with Children,2018,80351.90103
11379,All Households,2018,84319.50649
11379,Families,2018,101290.5138
11379,Families without Children,2018,104119.8634
11379,Families with Children,2018,98841.94024
11385,Families without Children,2018,77672.21471
11385,Families,2018,74957.91239
11385,All Households,2018,73570.21769
11385,Families with Children,2018,71365.99243
11411,All Households,2018,95582.94484
11411,Families without Children,2018,102076.5008
11411,Families,2018,108154.6647
11411,Families with Children,2018,114971.9822
11412,Families,2018,90794.73634
11412,Families without Children,2018,90807.97188
11412,Families with Children,2018,90729.5768
11412,All Households,2018,79939.56328
11413,All Households,2018,87888.00973
11413,Families without Children,2018,97238.40454
11413,Families,2018,93889.81476
11413,Families with Children,2018,92155.95998
11414,Families with Children,2018,89018.12061
11414,Families,2018,87971.4954
11414,Families without Children,2018,86093.06787
11414,All Households,2018,72946.11141
11415,All Households,2018,69531.34397
11415,Families with Children,2018,85490.34208
11415,Families,2018,79040.56517
11415,Families without Children,2018,77348.45322
11416,Families without Children,2018,82200.80314
11416,All Households,2018,68683.25176
11416,Families,2018,71983.98999
11416,Families with Children,2018,58505.1271
11417,All Households,2018,74754.2888
11417,Families with Children,2018,73426.66306
11417,Families,2018,80051.55625
11417,Families without Children,2018,85014.88102
11418,Families,2018,67374.97025
11418,All Households,2018,67776.10871
11418,Families without Children,2018,74577.13629
11418,Families with Children,2018,61203.13953
11419,Families with Children,2018,61825.20957
11419,Families,2018,74317.51622
11419,All Households,2018,72166.2331
11419,Families without Children,2018,83265.75446
11420,Families without Children,2018,80129.95133
11420,All Households,2018,69162.78529
11420,Families,2018,74196.36019
11420,Families with Children,2018,63597.75284
11421,All Households,2018,73371.68469
11421,Families with Children,2018,71640.88426
11421,Families without Children,2018,83358.40319
11421,Families,2018,78429.69443
11422,Families with Children,2018,94703.29097
11422,All Households,2018,90851.75095
11422,Families,2018,97122.3391
11422,Families without Children,2018,98525.30557
11423,Families without Children,2018,92369.76474
11423,Families,2018,84225.83964
11423,Families with Children,2018,76848.55733
11423,All Households,2018,71539.07247
11426,All Households,2018,90411.92401
11426,Families,2018,103512.0471
11426,Families with Children,2018,102269.9432
11426,Families without Children,2018,104391.7009
11427,Families without Children,2018,92166.14116
11427,Families with Children,2018,94110.74635
11427,Families,2018,92956.20065
11427,All Households,2018,75932.25122
11428,Families with Children,2018,75790.73283
11428,All Households,2018,75034.27123
11428,Families,2018,82297.52434
11428,Families without Children,2018,87535.74094
11429,All Households,2018,84748.13413
11429,Families with Children,2018,80540.25284
11429,Families without Children,2018,97371.77799
11429,Families,2018,92957.21877
11432,Families without Children,2018,73173.1517
11432,Families,2018,60999.51595
11432,All Households,2018,56918.89941
11432,Families with Children,2018,52997.10925
11433,All Households,2018,52454.45241
11433,Families with Children,2018,58910.33802
11433,Families,2018,62504.29421
11433,Families without Children,2018,64955.92212
11434,Families with Children,2018,74181.08843
11434,Families,2018,78547.79611
11434,Families without Children,2018,84499.71336
11434,All Households,2018,63334.0603
11435,All Households,2018,65247.10384
11435,Families with Children,2018,50627.94889
11435,Families without Children,2018,81791.51974
11435,Families,2018,67911.51839
11436,Families with Children,2018,69034.50243
11436,Families,2018,79201.4278
11436,All Households,2018,76605.22715
11436,Families without Children,2018,84457.97052
11691,Families without Children,2018,63145.70849
11691,Families,2018,59469.28475
11691,Families with Children,2018,56863.92104
11691,All Households,2018,46983.0868
11692,Families without Children,2018,50834.62683
11692,All Households,2018,44821.6225
11692,Families,2018,48391.14386
11692,Families with Children,2018,41260.24608
11693,Families with Children,2018,60133.09762
11693,All Households,2018,60507.76501
11693,Families without Children,2018,71796.6563
11693,Families,2018,69770.60168
11694,All Households,2018,82443.1152
11694,Families without Children,2018,109420.1852
11694,Families with Children,2018,120489.1631
11694,Families,2018,112470.4665
11697,Families,2018,131167.1836
11697,Families with Children,2018,189755.7964
11697,Families without Children,2018,107920.4976
11697,All Households,2018,105456.6522
10001,Families without Children,2019,132545
10001,Families,2019,122776
10001,Families with Children,2019,106452
10001,All Households,2019,92840
10002,Families with Children,2019,42054
10002,Families,2019,40045
10002,Families without Children,2019,38639
10002,All Households,2019,36982
10003,All Households,2019,118161
10003,Families,2019,183787
10003,Families without Children,2019,153480
10003,Families with Children,2019,250001
10004,Families,2019,205202
10004,Families without Children,2019,204130
10004,Families with Children,2019,244000
10004,All Households,2019,190223
10005,All Households,2019,189702
10005,Families,2019,241094
10005,Families with Children,2019,250001
10005,Families without Children,2019,202042
10006,Families without Children,2019,196500
10006,Families with Children,2019,250001
10006,Families,2019,245764
10006,All Households,2019,179044
10007,Families,2019,250001
10007,Families without Children,2019,250001
10007,Families with Children,2019,250001
10007,All Households,2019,224063
10009,Families with Children,2019,76618
10009,Families,2019,71135
10009,Families without Children,2019,68646
10009,All Households,2019,63717
10010,Families,2019,229709
10010,Families with Children,2019,250001
10010,Families without Children,2019,204877
10010,All Households,2019,132988
10011,All Households,2019,138272
10011,Families without Children,2019,207181
10011,Families with Children,2019,250001
10011,Families,2019,249545
10012,Families without Children,2019,145000
10012,Families,2019,151028
10012,Families with Children,2019,166534
10012,All Households,2019,106467
10013,Families without Children,2019,104234
10013,Families,2019,163951
10013,All Households,2019,113191
10013,Families with Children,2019,250001
10014,Families with Children,2019,250001
10014,Families,2019,224625
10014,Families without Children,2019,191483
10014,All Households,2019,133501
10016,All Households,2019,126628
10016,Families,2019,206816
10016,Families without Children,2019,205769
10016,Families with Children,2019,230733
10017,Families with Children,2019,250001
10017,Families,2019,218875
10017,Families without Children,2019,218161
10017,All Households,2019,131045
10018,All Households,2019,122484
10018,Families,2019,185688
10018,Families without Children,2019,190417
10019,All Households,2019,103792
10019,Families,2019,176972
10019,Families without Children,2019,180424
10019,Families with Children,2019,167896
10021,All Households,2019,122169
10021,Families with Children,2019,250001
10021,Families without Children,2019,238064
10021,Families,2019,240453
10022,Families with Children,2019,250001
10022,Families without Children,2019,250001
10022,Families,2019,250001
10022,All Households,2019,150718
10023,All Households,2019,132605
10023,Families with Children,2019,249033
10023,Families,2019,228389
10023,Families without Children,2019,216875
10024,Families without Children,2019,218864
10024,Families,2019,246034
10024,Families with Children,2019,250001
10024,All Households,2019,143623
10025,Families,2019,133439
10025,Families without Children,2019,113859
10025,All Households,2019,91624
10025,Families with Children,2019,215882
10026,Families,2019,66157
10026,Families with Children,2019,69625
10026,All Households,2019,59691
10026,Families without Children,2019,65399
10027,Families without Children,2019,57456
10027,Families,2019,58680
10027,Families with Children,2019,59837
10027,All Households,2019,51938
10028,Families without Children,2019,200524
10028,Families with Children,2019,250001
10028,Families,2019,237537
10028,All Households,2019,122969
10029,Families without Children,2019,48020
10029,Families,2019,39845
10029,All Households,2019,33720
10029,Families with Children,2019,32484
10030,Families with Children,2019,41500
10030,All Households,2019,42348
10030,Families,2019,53586
10030,Families without Children,2019,65152
10031,Families without Children,2019,59748
10031,All Households,2019,53660
10031,Families,2019,54699
10031,Families with Children,2019,50643
10032,Families with Children,2019,44799
10032,All Households,2019,53525
10032,Families,2019,58919
10032,Families without Children,2019,63411
10033,All Households,2019,63093
10033,Families without Children,2019,64422
10033,Families,2019,66075
10033,Families with Children,2019,74659
10034,All Households,2019,54406
10034,Families with Children,2019,51677
10034,Families without Children,2019,60904
10034,Families,2019,56284
10035,Families,2019,36645
10035,Families without Children,2019,41685
10035,All Households,2019,29799
10035,Families with Children,2019,28300
10036,Families with Children,2019,84337
10036,Families,2019,112342
10036,Families without Children,2019,151719
10036,All Households,2019,95301
10037,Families without Children,2019,68094
10037,All Households,2019,46263
10037,Families,2019,51536
10037,Families with Children,2019,33839
10038,Families without Children,2019,88095
10038,All Households,2019,95702
10038,Families,2019,93156
10038,Families with Children,2019,146473
10039,Families without Children,2019,53777
10039,Families,2019,44253
10039,Families with Children,2019,38400
10039,All Households,2019,42278
10040,Families with Children,2019,50405
10040,All Households,2019,49677
10040,Families,2019,56530
10040,Families without Children,2019,61463
10044,Families,2019,121453
10044,Families with Children,2019,165431
10044,All Households,2019,104808
10044,Families without Children,2019,111228
10065,All Households,2019,148441
10065,Families with Children,2019,250001
10065,Families,2019,246005
10065,Families without Children,2019,217072
10069,Families,2019,200150
10069,Families with Children,2019,250001
10069,All Households,2019,132500
10069,Families without Children,2019,129701
10075,Families with Children,2019,175724
10075,Families,2019,177237
10075,Families without Children,2019,178698
10075,All Households,2019,138640
10128,Families,2019,192940
10128,Families with Children,2019,235861
10128,Families without Children,2019,177072
10128,All Households,2019,121829
10280,All Households,2019,182760
10280,Families,2019,247627
10280,Families with Children,2019,250001
10280,Families without Children,2019,213482
10282,Families with Children,2019,250001
10282,Families,2019,250001
10282,Families without Children,2019,250001
10282,All Households,2019,250001
10301,All Households,2019,62052
10301,Families with Children,2019,60223
10301,Families,2019,82267
10301,Families without Children,2019,89521
10302,All Households,2019,66096
10302,Families with Children,2019,77853
10302,Families without Children,2019,99420
10302,Families,2019,93750
10303,Families without Children,2019,80817
10303,Families with Children,2019,67266
10303,All Households,2019,67215
10303,Families,2019,74187
10304,Families,2019,73135
10304,Families without Children,2019,90167
10304,Families with Children,2019,58781
10304,All Households,2019,54199
10305,All Households,2019,79742
10305,Families with Children,2019,91282
10305,Families,2019,95406
10305,Families without Children,2019,97097
10306,Families without Children,2019,97884
10306,Families,2019,96131
10306,All Households,2019,80834
10306,Families with Children,2019,89390
10307,All Households,2019,85103
10307,Families with Children,2019,108073
10307,Families without Children,2019,118715
10307,Families,2019,113839
10308,Families without Children,2019,112661
10308,Families,2019,113498
10308,Families with Children,2019,116021
10308,All Households,2019,103027
10309,All Households,2019,109457
10309,Families without Children,2019,114768
10309,Families,2019,126350
10309,Families with Children,2019,132473
10310,Families without Children,2019,98788
10310,Families with Children,2019,77165
10310,Families,2019,90379
10310,All Households,2019,76075
10312,All Households,2019,97407
10312,Families without Children,2019,106667
10312,Families,2019,113327
10312,Families with Children,2019,119989
10314,Families,2019,107154
10314,Families with Children,2019,109945
10314,Families without Children,2019,105450
10314,All Households,2019,91505
10451,Families without Children,2019,45956
10451,All Households,2019,30349
10451,Families with Children,2019,28590
10451,Families,2019,37332
10452,Families without Children,2019,41150
10452,Families,2019,35155
10452,All Households,2019,29579
10452,Families with Children,2019,30744
10453,Families,2019,33760
10453,All Households,2019,29136
10453,Families with Children,2019,25919
10453,Families without Children,2019,42783
10454,Families without Children,2019,36085
10454,Families with Children,2019,23561
10454,All Households,2019,21447
10454,Families,2019,30076
10455,Families,2019,33920
10455,All Households,2019,28585
10455,Families with Children,2019,26502
10455,Families without Children,2019,42637
10456,Families without Children,2019,42260
10456,Families,2019,35269
10456,All Households,2019,27917
10456,Families with Children,2019,31099
10457,All Households,2019,29767
10457,Families with Children,2019,26999
10457,Families,2019,38096
10457,Families without Children,2019,49338
10458,Families without Children,2019,47544
10458,Families,2019,38624
10458,All Households,2019,35423
10458,Families with Children,2019,31754
10459,Families with Children,2019,31228
10459,All Households,2019,29284
10459,Families,2019,35536
10459,Families without Children,2019,44762
10460,Families without Children,2019,44649
10460,All Households,2019,27545
10460,Families with Children,2019,25665
10460,Families,2019,33282
10461,All Households,2019,58305
10461,Families with Children,2019,60313
10461,Families without Children,2019,71779
10461,Families,2019,68066
10462,Families without Children,2019,67672
10462,Families,2019,59538
10462,Families with Children,2019,52707
10462,All Households,2019,54278
10463,All Households,2019,58408
10463,Families with Children,2019,64616
10463,Families without Children,2019,67402
10463,Families,2019,66470
10464,All Households,2019,96366
10464,Families without Children,2019,125915
10464,Families with Children,2019,148594
10464,Families,2019,132596
10465,Families,2019,95996
10465,Families without Children,2019,97953
10465,Families with Children,2019,92754
10465,All Households,2019,75617
10466,Families without Children,2019,79009
10466,Families,2019,67912
10466,All Households,2019,58393
10466,Families with Children,2019,54786
10467,Families,2019,46530
10467,Families without Children,2019,52038
10467,All Households,2019,39372
10467,Families with Children,2019,40961
10468,Families,2019,41488
10468,All Households,2019,37804
10468,Families with Children,2019,37437
10468,Families without Children,2019,46462
10469,Families with Children,2019,65407
10469,All Households,2019,65399
10469,Families,2019,73973
10469,Families without Children,2019,79935
10470,Families without Children,2019,81667
10470,Families,2019,71506
10470,Families with Children,2019,66393
10470,All Households,2019,61266
10471,All Households,2019,88722
10471,Families without Children,2019,109429
10471,Families with Children,2019,127000
10471,Families,2019,114241
10472,Families without Children,2019,48573
10472,Families with Children,2019,33327
10472,All Households,2019,33498
10472,Families,2019,38655
10473,All Households,2019,41508
10473,Families with Children,2019,47887
10473,Families without Children,2019,51921
10473,Families,2019,51096
10474,Families without Children,2019,41220
10474,Families,2019,25429
10474,All Households,2019,22965
10474,Families with Children,2019,20114
10475,All Households,2019,51951
10475,Families with Children,2019,51838
10475,Families,2019,67383
10475,Families without Children,2019,76474
11001,All Households,2019,113300
11001,Families without Children,2019,126994
11001,Families,2019,134087
11001,Families with Children,2019,142500
11004,Families,2019,110406
11004,Families with Children,2019,104965
11004,All Households,2019,95436
11004,Families without Children,2019,113256
11005,Families,2019,139313
11005,Families without Children,2019,139313
11005,All Households,2019,55313
11040,Families,2019,142316
11040,Families with Children,2019,172879
11040,All Households,2019,129344
11040,Families without Children,2019,123484
11096,All Households,2019,60675
11096,Families with Children,2019,57303
11096,Families,2019,67726
11096,Families without Children,2019,69375
11101,Families with Children,2019,71175
11101,All Households,2019,75581
11101,Families,2019,82636
11101,Families without Children,2019,85750
11102,Families without Children,2019,76609
11102,Families,2019,75440
11102,All Households,2019,71382
11102,Families with Children,2019,70625
11103,All Households,2019,76234
11103,Families,2019,81250
11103,Families without Children,2019,87625
11103,Families with Children,2019,65463
11104,Families with Children,2019,62898
11104,Families without Children,2019,86176
11104,Families,2019,76895
11104,All Households,2019,67751
11105,All Households,2019,79883
11105,Families without Children,2019,90222
11105,Families,2019,90013
11105,Families with Children,2019,89266
11106,Families without Children,2019,84849
11106,Families,2019,78526
11106,All Households,2019,68530
11106,Families with Children,2019,60128
11109,All Households,2019,160625
11109,Families with Children,2019,199796
11109,Families without Children,2019,200030
11109,Families,2019,199823
11201,Families with Children,2019,212770
11201,Families without Children,2019,153573
11201,Families,2019,176004
11201,All Households,2019,129248
11203,All Households,2019,54457
11203,Families with Children,2019,52683
11203,Families,2019,68184
11203,Families without Children,2019,74184
11204,Families with Children,2019,55430
11204,All Households,2019,53093
11204,Families without Children,2019,61938
11204,Families,2019,58848
11205,All Households,2019,58872
11205,Families,2019,60319
11205,Families with Children,2019,52478
11205,Families without Children,2019,76273
11206,Families without Children,2019,43341
11206,Families with Children,2019,31411
11206,All Households,2019,39753
11206,Families,2019,38430
11207,All Households,2019,39382
11207,Families with Children,2019,41909
11207,Families,2019,51643
11207,Families without Children,2019,60492
11208,Families without Children,2019,58472
11208,Families,2019,50726
11208,All Households,2019,42403
11208,Families with Children,2019,42306
11209,All Households,2019,77917
11209,Families with Children,2019,105378
11209,Families without Children,2019,99627
11209,Families,2019,101737
11210,Families with Children,2019,77935
11210,Families,2019,80453
11210,Families without Children,2019,80736
11210,All Households,2019,69385
11211,Families,2019,63639
11211,Families with Children,2019,51088
11211,Families without Children,2019,80625
11211,All Households,2019,81228
11212,Families without Children,2019,48587
11212,Families,2019,41115
11212,Families with Children,2019,31196
11212,All Households,2019,26521
11213,All Households,2019,44831
11213,Families with Children,2019,45618
11213,Families,2019,51262
11213,Families without Children,2019,61229
11214,Families,2019,64478
11214,All Households,2019,56911
11214,Families with Children,2019,59230
11214,Families without Children,2019,70241
11215,All Households,2019,132091
11215,Families,2019,170511
11215,Families without Children,2019,149919
11215,Families with Children,2019,198075
11216,All Households,2019,67795
11216,Families without Children,2019,76490
11216,Families,2019,79242
11216,Families with Children,2019,90183
11217,Families,2019,145365
11217,Families with Children,2019,174612
11217,Families without Children,2019,122331
11217,All Households,2019,119375
11218,Families without Children,2019,83956
11218,Families,2019,80422
11218,Families with Children,2019,76073
11218,All Households,2019,73470
11219,Families without Children,2019,52323
11219,Families,2019,41839
11219,All Households,2019,40683
11219,Families with Children,2019,37642
11220,Families with Children,2019,39276
11220,All Households,2019,50191
11220,Families,2019,47150
11220,Families without Children,2019,55656
11221,Families,2019,61331
11221,Families without Children,2019,63711
11221,Families with Children,2019,57606
11221,All Households,2019,56900
11222,Families,2019,105557
11222,All Households,2019,93488
11222,Families without Children,2019,95679
11222,Families with Children,2019,125326
11223,Families without Children,2019,70825
11223,Families with Children,2019,56319
11223,Families,2019,65254
11223,All Households,2019,54023
11224,Families,2019,43584
11224,Families without Children,2019,45255
11224,All Households,2019,32549
11224,Families with Children,2019,40706
11225,Families with Children,2019,49952
11225,All Households,2019,59820
11225,Families,2019,65968
11225,Families without Children,2019,75721
11226,Families without Children,2019,69486
11226,Families with Children,2019,56446
11226,All Households,2019,58257
11226,Families,2019,65178
11228,All Households,2019,72902
11228,Families,2019,84054
11228,Families without Children,2019,85298
11228,Families with Children,2019,83297
11229,Families with Children,2019,77106
11229,Families,2019,81481
11229,Families without Children,2019,83701
11229,All Households,2019,64631
11230,Families with Children,2019,61640
11230,All Households,2019,53070
11230,Families without Children,2019,72023
11230,Families,2019,66240
11231,Families without Children,2019,114776
11231,Families with Children,2019,157463
11231,Families,2019,141500
11231,All Households,2019,99643
11232,Families without Children,2019,73433
11232,Families with Children,2019,46942
11232,All Households,2019,61200
11232,Families,2019,58913
11233,Families without Children,2019,62063
11233,All Households,2019,44905
11233,Families,2019,48545
11233,Families with Children,2019,39279
11234,All Households,2019,85807
11234,Families with Children,2019,98967
11234,Families,2019,95976
11234,Families without Children,2019,94328
11235,Families without Children,2019,72566
11235,Families,2019,71542
11235,Families with Children,2019,70663
11235,All Households,2019,54646
11236,All Households,2019,70793
11236,Families with Children,2019,74329
11236,Families,2019,82853
11236,Families without Children,2019,87984
11237,Families without Children,2019,51954
11237,All Households,2019,53303
11237,Families,2019,43640
11237,Families with Children,2019,33151
11238,All Households,2019,91846
11238,Families without Children,2019,102133
11238,Families with Children,2019,156853
11238,Families,2019,118291
11239,Families with Children,2019,51786
11239,Families,2019,34528
11239,Families without Children,2019,29907
11239,All Households,2019,29172
11354,All Households,2019,40786
11354,Families with Children,2019,45768
11354,Families,2019,47405
11354,Families without Children,2019,49046
11355,Families without Children,2019,50417
11355,Families,2019,45619
11355,All Households,2019,42507
11355,Families with Children,2019,40483
11356,All Households,2019,61859
11356,Families with Children,2019,65347
11356,Families,2019,66463
11356,Families without Children,2019,68000
11357,All Households,2019,85818
11357,Families without Children,2019,85985
11357,Families with Children,2019,109881
11357,Families,2019,98213
11358,Families with Children,2019,86042
11358,Families without Children,2019,76767
11358,Families,2019,78357
11358,All Households,2019,68848
11360,All Households,2019,83063
11360,Families without Children,2019,95662
11360,Families,2019,107188
11360,Families with Children,2019,116944
11361,Families without Children,2019,100285
11361,Families with Children,2019,96057
11361,Families,2019,97203
11361,All Households,2019,87892
11362,All Households,2019,93333
11362,Families,2019,121625
11362,Families without Children,2019,118036
11362,Families with Children,2019,141975
11363,Families with Children,2019,138750
11363,Families without Children,2019,113571
11363,Families,2019,128009
11363,All Households,2019,101019
11364,Families with Children,2019,102846
11364,Families without Children,2019,96783
11364,Families,2019,98424
11364,All Households,2019,82028
11365,Families,2019,75409
11365,Families without Children,2019,76273
11365,Families with Children,2019,73354
11365,All Households,2019,67642
11366,All Households,2019,84301
11366,Families with Children,2019,67014
11366,Families,2019,93913
11366,Families without Children,2019,101607
11367,All Households,2019,63546
11367,Families,2019,72975
11367,Families with Children,2019,67392
11367,Families without Children,2019,79414
11368,Families without Children,2019,65063
11368,Families with Children,2019,42746
11368,Families,2019,51779
11368,All Households,2019,54211
11369,All Households,2019,54184
11369,Families with Children,2019,50651
11369,Families,2019,64000
11369,Families without Children,2019,73498
11370,Families,2019,81712
11370,Families without Children,2019,83893
11370,All Households,2019,63706
11370,Families with Children,2019,65069
11372,All Households,2019,60659
11372,Families,2019,62626
11372,Families with Children,2019,53508
11372,Families without Children,2019,66051
11373,Families with Children,2019,50813
11373,All Households,2019,54584
11373,Families without Children,2019,65610
11373,Families,2019,58918
11374,All Households,2019,66795
11374,Families,2019,87591
11374,Families without Children,2019,86692
11374,Families with Children,2019,94310
11375,Families without Children,2019,98606
11375,Families,2019,109994
11375,Families with Children,2019,131646
11375,All Households,2019,84713
11377,Families without Children,2019,69458
11377,Families,2019,64678
11377,All Households,2019,58948
11377,Families with Children,2019,56743
11378,Families with Children,2019,86062
11378,Families,2019,87242
11378,Families without Children,2019,88705
11378,All Households,2019,77710
11379,All Households,2019,83883
11379,Families with Children,2019,100813
11379,Families without Children,2019,103559
11379,Families,2019,102200
11385,Families without Children,2019,79628
11385,Families,2019,76414
11385,All Households,2019,75340
11385,Families with Children,2019,71612
11411,All Households,2019,98207
11411,Families with Children,2019,111648
11411,Families without Children,2019,115350
11411,Families,2019,113769
11412,Families with Children,2019,91181
11412,Families,2019,94103
11412,Families without Children,2019,94878
11412,All Households,2019,81608
11413,All Households,2019,93432
11413,Families with Children,2019,92703
11413,Families,2019,99229
11413,Families without Children,2019,102446
11414,Families with Children,2019,91742
11414,Families,2019,89181
11414,Families without Children,2019,86996
11414,All Households,2019,75471
11415,All Households,2019,70900
11415,Families,2019,86948
11415,Families without Children,2019,76979
11415,Families with Children,2019,109130
11416,Families without Children,2019,81333
11416,All Households,2019,73370
11416,Families,2019,75471
11416,Families with Children,2019,60061
11417,Families with Children,2019,70104
11417,All Households,2019,76868
11417,Families,2019,85046
11417,Families without Children,2019,93378
11418,All Households,2019,68920
11418,Families,2019,72047
11418,Families without Children,2019,76121
11418,Families with Children,2019,65565
11419,All Households,2019,75835
11419,Families with Children,2019,67548
11419,Families without Children,2019,87696
11419,Families,2019,79508
11420,Families,2019,82528
11420,All Households,2019,79273
11420,Families without Children,2019,88871
11420,Families with Children,2019,70540
11421,Families with Children,2019,72021
11421,All Households,2019,73107
11421,Families without Children,2019,83675
11421,Families,2019,78779
11422,Families with Children,2019,89972
11422,All Households,2019,88130
11422,Families without Children,2019,94028
11422,Families,2019,92304
11423,Families without Children,2019,88560
11423,Families,2019,82156
11423,All Households,2019,71194
11423,Families with Children,2019,74429
11426,All Households,2019,98987
11426,Families with Children,2019,114034
11426,Families,2019,115136
11426,Families without Children,2019,115602
11427,Families with Children,2019,94575
11427,Families without Children,2019,97409
11427,Families,2019,96292
11427,All Households,2019,79385
11428,Families with Children,2019,79250
11428,All Households,2019,78368
11428,Families without Children,2019,90433
11428,Families,2019,88320
11429,All Households,2019,88300
11429,Families with Children,2019,88531
11429,Families,2019,97941
11429,Families without Children,2019,100052
11432,Families,2019,67198
11432,Families without Children,2019,79468
11432,All Households,2019,62148
11432,Families with Children,2019,55290
11433,All Households,2019,54253
11433,Families with Children,2019,61544
11433,Families,2019,65591
11433,Families without Children,2019,68725
11434,Families with Children,2019,76721
11434,Families,2019,81641
11434,Families without Children,2019,85763
11434,All Households,2019,64087
11435,Families with Children,2019,55066
11435,Families without Children,2019,84334
11435,Families,2019,70354
11435,All Households,2019,66137
11436,All Households,2019,75222
11436,Families,2019,79740
11436,Families without Children,2019,84737
11436,Families with Children,2019,63969
11691,Families without Children,2019,64441
11691,Families,2019,61360
11691,Families with Children,2019,60325
11691,All Households,2019,50267
11692,Families with Children,2019,42614
11692,All Households,2019,46819
11692,Families,2019,50516
11692,Families without Children,2019,57188
11693,All Households,2019,60569
11693,Families with Children,2019,62188
11693,Families,2019,66250
11693,Families without Children,2019,67741
11694,All Households,2019,84485
11694,Families,2019,111046
11694,Families without Children,2019,107721
11694,Families with Children,2019,120943
11697,Families without Children,2019,115000
11697,Families,2019,123438
11697,Families with Children,2019,189400
11697,All Households,2019,105750